<?xml version="1.0" encoding="UTF-8" standalone="yes"?>
<addon id="plugin.video.EntertainOBClub"
       name="EntertainOBClub"
       version="1.2.6"
       provider-name="EntertainOBC Company">
  <requires>
    <import addon="xbmc.python" version="2.1.0"/>
    <import addon="script.module.requests"/>
  </requires>
  <extension point="xbmc.python.pluginsource"
            library="default.py">
        <provides>video</provides>
  </extension>
  <extension point="xbmc.addon.metadata">
    <summary lang="en">Best TV In Forever</summary>
    <language>en</language>
    <description lang="en">This addon provider does not host any content being showned</description>
     <platform>all</platform>
  </extension>
</addon>
