<?xml version="1.0" encoding="UTF-8"?>
<addon id="plugin.video.EntertainOBCVietnamTV"
version="2.1.1"
name="EntertainOBC Vietnam TV"
provider-name="EntertainOBC Company">
<requires>
  <import addon="xbmc.python" version="2.24.0"/>
</requires>
<extension point="xbmc.python.pluginsource" library="main.py">
  <provides>video</provides>
</extension>
<extension point="xbmc.addon.metadata">
  <summary lang="en">Watch Vietnam TV For Free!</summary>
  <description lang="en">A Watch Free Vietnam TV Addon.</description>
  <disclaimer lang="en"></disclaimer>
  <assets>
    <icon>https://ia801500.us.archive.org/8/items/ICON_UDIAS/icon.png</icon>
    <fanart>https://ia601507.us.archive.org/30/items/fanart_20170405/fanart.jpg</fanart>
    <screenshot>resources\screenshot-01.jpg</screenshot>
    <screenshot>resources\screenshot-02.jpg</screenshot>
    <screenshot>resources\screenshot-03.jpg</screenshot>    
  </assets>
  <news>Updated with the latest movies</news>
</extension>
</addon>
