<?xml version="1.0" encoding="UTF-8"?>
<addon id="plugin.video.EntertainOBCVietnamTV"
version="2.1.0"
name="EntertainOBC Vietnam TV"
provider-name="EntertainOBC Company">
<requires>
  <import addon="xbmc.python" version="2.24.0"/>
</requires>
<extension point="xbmc.python.pluginsource" library="main.py">
  <provides>video</provides>
</extension>
<extension point="xbmc.addon.metadata">
  <summary lang="en">Watch Free Vietnam TV For Free!</summary>
  <description lang="en">A Watch Free Kodi Addon</description>
  <disclaimer lang="en">ENTERTAINOBC COMPANY</disclaimer>
  <assets>
    <icon>icon.png</icon>
    <fanart>fanart.jpg</fanart>
    <screenshot>resources\screenshot-01.jpg</screenshot>
    <screenshot>resources\screenshot-02.jpg</screenshot>
    <screenshot>resources\screenshot-03.jpg</screenshot>    
  </assets>
  <news>Updated With The Latest Live TV</news>
</extension>
</addon>
