<?xml version="1.0" encoding="UTF-8" standalone="yes"?>
<addon id="plugin.video.EntertainOBCVietnamTV"
       name="EntertainOBC VietnamTV"
       version="0.0.1"
       provider-name="EntertainOBC Company">
  <requires>
    <import addon="xbmc.python" version="2.1.0"/>
    <import addon="script.module.requests"/>
  </requires>
  <extension point="xbmc.python.pluginsource"
            library="default.py">
        <provides>video</provides>
  </extension>
  <extension point="xbmc.addon.metadata">
    <summary lang="en">Điều này được sử dụng cho Giải trí Đối với Khách hàng của EntertainOBC Comp</summary>
    <language>en</language>
    <description lang="en">Xem miễn phí truyền hình Việt Nam miễn phí!</description>
     <platform>all</platform>
  </extension>
</addon>
