<?xml version="1.0" encoding="UTF-8" standalone="yes"?>
<addon id="repositoryEntertainOBC" name="EntertainOBC Repository" version="1.0.5" provider-name="EntertainOBC Company">
	<requires>
		<import addon="xbmc.addon" version="12.0.0"/>
	</requires>
	<extension point="xbmc.addon.repository" name="EntertainOBC Repository">
		<info compressed="false">http://entertainobc.github.io/addons.xml</info>
		<checksum>http://entertainobc.github.io/addons.xml.md5</checksum>
		<datadir zip="true">http://entertainobc.github.io/Addons/</datadir>
	</extension>
	<extension point="xbmc.addon.metadata">
		<summary>Kodi Emby Addon Repository</summary>
		<description>This repo contains the Kodi Emby addon along with compatible Kodi skins</description>
		<disclaimer></disclaimer>
		<platform>all</platform>
	</extension>
</addon>
