<?xml version="1.0" encoding="UTF-8"?>
<addon id="plugin.video.EntertainOBCMovies"
version="2.1.0"
name="EntertainOBC Movies"
provider-name="EntertainOBC Company">
<requires>
  <import addon="xbmc.python" version="2.24.0"/>
</requires>
<extension point="xbmc.python.pluginsource" library="main.py">
  <provides>video</provides>
</extension>
<extension point="xbmc.addon.metadata">
  <summary lang="en">Watch Free Movies!</summary>
  <description lang="en">This Is A Watch Free Movies Kodi Addon</description>
  <disclaimer lang="en">These Movies Are Provided By Our Employees</disclaimer>
  <assets>
    <icon>icon.png</icon>
    <fanart>fanart.jpg</fanart>
    <screenshot>resources\screenshot-01.jpg</screenshot>
    <screenshot>resources\screenshot-02.jpg</screenshot>
    <screenshot>resources\screenshot-03.jpg</screenshot>    
  </assets>
  <news>Updated With The Latest Movies</news>
</extension>
</addon>
