<?xml version="1.0" encoding="UTF-8"?>
<!--suppress ALL -->
<addon id="plugin.video.EntertainOBCMovies" version="2.5.72" name="EntertainOBC Movies" provider-name="EntertainOBC Company">
    <requires>
        <import addon="xbmc.python" version="2.1.0"/>
        <import addon="script.module.urlresolver" version="3.0"/>
        <import addon="script.module.addon.common" version="2.0.0" />
        <import addon="script.module.metahandler" version="2.6.0" />
        <import addon="script.module.myconnpy" version="1.1.6" />
        <import addon="script.module.axel.downloader" version="0.2.0" optional="true"/>
    </requires>
    <extension point="xbmc.python.pluginsource" library="default.py">
        <provides>video</provides>
    </extension>
    <extension point="xbmc.service" library="service.py" start="startup">
    </extension>
    <extension point="xbmc.addon.metadata">
        <summary>Browse Our Addons</summary>
        <description>This Addon Is Provided For Our EntertainOBC Movies
THIS ADDON IS NOT HOSTING HAVING MOVIES. THE THIRD-PARTY ADDONS DOES IT
        </description>
        <platform>all</platform>
        <website>NONE/</website>
		<forum>REPO</forum>
    </extension>
</addon>
