<?xml version="1.0" encoding="UTF-8" standalone="yes"?>
<addon id="plugin.video.EntertainOBCMovies"
       name="EntertainOBC Movies"
       version="0.0.1"
       provider-name="EntertainOBC Company">
  <requires>
    <import addon="xbmc.python" version="2.1.0"/>
    <import addon="script.module.requests"/>
  </requires>
  <extension point="xbmc.python.pluginsource"
            library="default.py">
        <provides>video</provides>
  </extension>
  <extension point="xbmc.addon.metadata">
    <summary lang="en">This Is Used For Entertainment For EntertainOBC Customers</summary>
    <language>en</language>
    <description lang="en">Watch Free Movies For Free!</description>
     <platform>all</platform>
  </extension>
</addon>
