<?xml version="1.0" encoding="UTF-8" standalone="yes"?>
<addon id="plugin.video.Usatv" name="Kushi TV" version="1.0.9" provider-name="EntertainOBC Company">
  <requires>
    <import addon="xbmc.python" version="2.1.0"/>
  </requires>
  <extension point="xbmc.python.pluginsource" library="default.py">
        <provides>video</provides>
  </extension>
  <extension point="xbmc.addon.metadata">
    <summary lang="en">Magicly TV</summary>
    <description lang="en">Magic TV</description>
    <platform>all</platform>
  </extension>
</addon>
